codon,anticodon,wobble position pair,simplified
AAA,mcm5s2UUU,mcm5s2U:A,U:A
AAC,GUU,G:C,G:C
AAG,CUU,C:G,C:G
AAU,GUU,G:U,G:U
ACA,ncm5UGU,ncm5U:A,U:A
ACC,IGU,I:C,I:C
ACG,CGU,C:G,C:G
ACU,IGU,I:U,I:U
AGA,mcm5UCU,mcm5U:A,U:A
AGC,GCU,G:C,G:C
AGG,CCU,C:G,C:G
AGU,GCU,G:U,G:U
AUA,ΨAΨ,Ψ:A,U:A
AUC,IAU,I:C,I:C
AUG,CAU,C:G,C:G
AUU,IAU,I:U,I:U
CAA,mcm5s1UUG,mcm5s1U:A,U:A
CAC,GUG,G:C,G:C
CAG,CUG,C:G,C:G
CAU,GUG,G:U,G:U
CCA,ncm5UGG,ncm5U:A,U:A
CCC,AGG (IGG?),A:C (I:C?),I:C
CCG,ncm5UGG,ncm5U:G,U:G
CCU,AGG,A:U (I:U?),I:U
CGA,ICG,I:A,I:A
CGC,ICG,I:C,I:C
CGG,CCG,C:G,C:G
CGU,ICG,I:U,I:U
CUA,UAG,U:A,U:A
CUC,GAG,G:C,G:C
CUG,UAG,U:G,U:G
CUU,GAG,G:U,G:U
GAA,mcm5s2UUC,mcm5s2U:A,U:A
GAC,GUC,G:C,G:C
GAG,CUC,C:G,C:G
GAU,GUC,G:U,G:U
GCA,ncm5UGC,ncm5U:A,U:A
GCC,IGC,I:C,I:C
GCG,ncm5UGC,ncm5U:G,U:G
GCU,IGC,I:U,I:U
GGA,mcm5UCC,mcm5U:A,U:A
GGC,GCC,G:C,G:C
GGG,CCC,C:G,C:G
GGU,GCC,G:U,G:U
GUA,ncm5UAC,ncm5U:A,U:A
GUC,IAC,I:C,I:C
GUG,CAC,C:G,C:G
GUU,IAC,I:U,I:U
UAC,GΨA,G:C,G:C
UAU,GΨA,G:U,G:U
UCA,ncm5UGA,ncm5U:A,U:A
UCC,IGA,I:C,I:C
UCG,CGA,C:G,C:G
UCU,IGA,I:U,I:U
UGC,GCA,G:C,G:C
UGG,CmCA,Cm:G,C:G
UGU,GCA,G:U,G:U
UUA,UAA,U:A,U:A
UUC,GmAA,Gm:C,G:C
UUG,m5CAA,m5C:G,C:G
UUU,GmAA,Gm:U,G:U
